first_name,last_name,email_address,phone,employee_type_id
Avie,Barkas,abarkas0@bbb.org,916-920-8924,6
Jacklin,Cheer,jcheer1@slashdot.org,233-360-2946,1
Howard,Kingswell,hkingswell2@xrea.com,919-377-0853,5
Catina,Wisby,cwisby3@webnode.com,867-619-3217,2
Deb,Gioan,dgioan4@1und1.de,921-817-3148,5
Roxana,Woodyear,rwoodyear5@about.me,228-813-3564,2
Danica,Riep,driep6@usa.gov,544-559-6082,3
Jerri,Pere,jpere7@issuu.com,721-317-6243,2
Kristopher,Blumfield,kblumfield8@sina.com.cn,908-465-7402,7
Zorine,Paolacci,zpaolacci9@mit.edu,705-373-5103,5
Dorothee,Sweetmore,dsweetmorea@gizmodo.com,514-487-2271,5
Baxie,Keysel,bkeyselb@virginia.edu,703-746-4814,7
Lucky,Habbergham,lhabberghamc@disqus.com,423-525-2525,3
Leonie,Stovell,lstovelld@netlog.com,723-972-9534,6
Muhammad,Avrahamof,mavrahamofe@kickstarter.com,555-104-2420,4
Coleen,Pashley,cpashleyf@odnoklassniki.ru,133-478-0134,6
Tadeas,Mannagh,tmannaghg@hexun.com,537-378-0317,7
Esme,Grigsby,egrigsbyh@imdb.com,667-307-3892,6
Luisa,Leneham,llenehami@liveinternet.ru,686-735-0618,1
Lian,Light,llightj@usgs.gov,551-923-6927,1
Damian,Freeman,dfreemank@bing.com,267-879-4792,4
Stormi,Jahn,sjahnl@craigslist.org,113-178-0502,2
Patrica,Duprey,pdupreym@blogs.com,658-671-9709,3
Deeyn,Ondra,dondran@nih.gov,870-645-3034,7
Phillida,Byass,pbyasso@sohu.com,720-215-9617,2
Auria,Mulliner,amullinerp@telegraph.co.uk,650-875-2226,5
Kleon,Gorham,kgorhamq@about.me,302-796-5116,2
Leia,Linklet,llinkletr@merriam-webster.com,227-344-3961,1
Ange,Ten Broek,atenbroeks@cdc.gov,262-397-9474,2
Herta,MacMillan,hmacmillant@forbes.com,920-784-9033,3
Sharleen,McInnerny,smcinnernyu@twitter.com,225-431-3987,4
Harwilll,Pawlyn,hpawlynv@bizjournals.com,516-973-0900,1
Tabatha,Skates,tskatesw@goo.gl,875-945-6607,6
Humbert,Gomery,hgomeryx@printfriendly.com,724-948-3990,1
Cecily,Flannery,cflanneryy@topsy.com,664-110-8137,5
Tasha,Noseworthy,tnoseworthyz@seattletimes.com,981-673-4781,4
Livia,Maddinon,lmaddinon10@dagondesign.com,441-622-3654,5
Elly,Gaule,egaule11@geocities.com,605-470-0488,5
Jordanna,Hambidge,jhambidge12@nps.gov,175-433-5219,7
Gordon,Padmore,gpadmore13@wikipedia.org,878-174-3469,4
Helaina,Batkin,hbatkin14@adobe.com,346-498-3307,2
Andrus,Eastmead,aeastmead15@yellowbook.com,979-153-2337,1
Mendy,Mangan,mmangan16@nbcnews.com,606-947-4780,3
Leela,Rosenberger,lrosenberger17@mtv.com,984-177-0730,5
Findlay,Kowalski,fkowalski18@amazon.de,735-571-8432,3
Annissa,Leopold,aleopold19@geocities.jp,500-972-8549,1
Toinette,Marcham,tmarcham1a@state.tx.us,500-510-8878,2
Waylen,MacLise,wmaclise1b@aboutads.info,196-108-2849,4
Angelia,Edgley,aedgley1c@bloglines.com,153-832-1458,1
Antonio,Scotchford,ascotchford1d@yolasite.com,598-192-3572,7
Kelli,Sang,ksang1e@craigslist.org,656-867-1073,3
Timmie,Raddenbury,traddenbury1f@oakley.com,822-793-1201,2
Kristel,Lympenie,klympenie1g@usatoday.com,901-120-3868,2
Ailey,Mussilli,amussilli1h@comsenz.com,281-732-5615,5
Olivero,Perfitt,operfitt1i@opensource.org,155-230-0733,6
Nertie,O'Garmen,nogarmen1j@uiuc.edu,707-245-5500,4
Inglis,Treleven,itreleven1k@miibeian.gov.cn,208-226-4259,7
Patricia,Danson,pdanson1l@shareasale.com,544-665-4459,7
Larisa,Barock,lbarock1m@wikipedia.org,192-769-5257,1
Cindie,Allum,callum1n@liveinternet.ru,670-875-4901,5
Clemente,Eccleshare,ceccleshare1o@friendfeed.com,274-280-5193,3
Deina,Hughesdon,dhughesdon1p@chicagotribune.com,396-184-7250,3
Buddie,Leveridge,bleveridge1q@nyu.edu,604-370-7241,5
Virgina,Serris,vserris1r@hao123.com,734-410-8921,2
Doralia,Avrahamoff,davrahamoff1s@google.ca,144-620-5152,3
Beatrice,Okell,bokell1t@cdbaby.com,531-597-4330,4
Sharline,Maskall,smaskall1u@goodreads.com,933-781-6230,3
Charissa,Fink,cfink1v@biblegateway.com,526-785-7879,7
Torrie,Ferrarin,tferrarin1w@photobucket.com,928-930-9036,6
Moreen,Furneaux,mfurneaux1x@whitehouse.gov,665-175-0366,2
Timothy,Goulstone,tgoulstone1y@icq.com,243-414-0676,7
Yvon,Beadnall,ybeadnall1z@sphinn.com,250-137-9609,5
Debby,Santos,dsantos20@wordpress.com,591-162-1802,7
Emery,Bartke,ebartke21@squidoo.com,781-348-7561,5
Alejandrina,Garrison,agarrison22@trellian.com,342-783-2726,4
Anett,Whinray,awhinray23@wp.com,929-719-4951,2
Glenine,Seiler,gseiler24@behance.net,841-735-1427,2
Mannie,Fochs,mfochs25@live.com,230-870-2507,2
Padraic,Chansonnau,pchansonnau26@nationalgeographic.com,988-530-1446,5
Rafa,Theuff,rtheuff27@dailymotion.com,503-724-0771,2
George,Keeltagh,gkeeltagh28@tmall.com,345-593-4842,7
Nataniel,Goggan,ngoggan29@cloudflare.com,466-473-9604,1
Talyah,Tynewell,ttynewell2a@pinterest.com,388-197-0161,7
Madel,Haughton,mhaughton2b@addthis.com,638-638-6466,4
Raul,Kaas,rkaas2c@cocolog-nifty.com,115-101-5187,1
Sayre,Tayt,stayt2d@spotify.com,725-865-1230,4
Dolly,Lawler,dlawler2e@jugem.jp,458-478-5677,2
Odetta,Guwer,oguwer2f@furl.net,690-763-5437,2
Englebert,Heberden,eheberden2g@phpbb.com,845-786-1713,1
Morissa,Sander,msander2h@mit.edu,442-348-5981,6
Gael,Morgen,gmorgen2i@facebook.com,419-915-3226,4
Valentin,Culcheth,vculcheth2j@paginegialle.it,793-571-2142,5
Moshe,Avey,mavey2k@umn.edu,149-887-1881,3
Pavel,Nezey,pnezey2l@stumbleupon.com,753-243-5096,3
Seumas,Wabey,swabey2m@simplemachines.org,268-504-9882,3
Milt,Renvoys,mrenvoys2n@europa.eu,482-708-4827,5
Graeme,Emslie,gemslie2o@parallels.com,160-314-6947,5
Bianca,Philipson,bphilipson2p@mlb.com,387-686-1280,7
Frannie,Thurske,fthurske2q@blinklist.com,962-434-5158,3
Lionel,Benard,lbenard2r@intel.com,617-302-1490,2
Morgun,Goskar,mgoskar2s@over-blog.com,704-568-1126,1
Patrizia,Antoniutti,pantoniutti2t@slate.com,856-513-0073,1
Kaela,Labbett,klabbett2u@fema.gov,975-649-5570,3
Asia,Dalby,adalby2v@sourceforge.net,513-223-7128,7
Conrado,Stones,cstones2w@instagram.com,736-566-7680,1
Arda,Tabour,atabour2x@instagram.com,143-349-6291,6
Woodrow,Walling,wwalling2y@google.es,898-394-8573,2
Adelice,Bonevant,abonevant2z@github.com,233-964-9662,2
Silvain,Wybourne,swybourne30@booking.com,541-889-0561,6
Kiele,Harriott,kharriott31@rambler.ru,165-701-7325,4
Skylar,Hallock,shallock32@comcast.net,613-835-6468,5
Karisa,Sumner,ksumner33@friendfeed.com,831-597-4433,3
Giulia,Chaffer,gchaffer34@nbcnews.com,534-982-0531,6
Freedman,Jzhakov,fjzhakov35@dyndns.org,425-177-2854,4
Georgine,Bonnier,gbonnier36@goo.gl,339-808-7930,2
Samuel,Di Biagi,sdibiagi37@vistaprint.com,303-315-7758,2
Waiter,Farrears,wfarrears38@wunderground.com,219-290-3685,5
Shari,Kitchingman,skitchingman39@yelp.com,883-306-3313,6
Cordelia,Saintpierre,csaintpierre3a@bloomberg.com,690-814-9878,4
Gardiner,Bartolacci,gbartolacci3b@tamu.edu,418-946-0287,6
Carolann,Menault,cmenault3c@tripadvisor.com,737-637-2823,7
Aleda,Nairy,anairy3d@shareasale.com,773-970-1210,7
Eadith,Siburn,esiburn3e@washingtonpost.com,971-734-9647,7
Dre,Gopsall,dgopsall3f@yale.edu,633-100-8303,7
Vilhelmina,Easton,veaston3g@slashdot.org,904-488-3872,1
Gabe,Whitmore,gwhitmore3h@howstuffworks.com,546-304-7190,1
Deeanne,Schaumann,dschaumann3i@usa.gov,492-580-3409,5
Candie,Holmyard,cholmyard3j@diigo.com,748-264-6693,6
Guillema,Sheekey,gsheekey3k@ft.com,560-519-3851,7
Leelah,Fonzo,lfonzo3l@photobucket.com,433-861-7863,7
Whitney,Ozintsev,wozintsev3m@hp.com,878-155-3422,5
Freddi,Mather,fmather3n@livejournal.com,936-971-2588,5
Maureene,Maryott,mmaryott3o@alibaba.com,492-179-3809,3
Roberta,Clempton,rclempton3p@fda.gov,893-502-6436,2
Heddie,Radage,hradage3q@ow.ly,750-419-1923,5
Nicholle,Ettels,nettels3r@amazon.de,382-173-9597,6
Pren,Appleby,pappleby3s@homestead.com,166-847-5905,4
Gabrielle,Pynner,gpynner3t@reuters.com,750-518-7173,2
Rosalind,Broxup,rbroxup3u@biblegateway.com,658-781-5091,3
Maurizio,Bentham,mbentham3v@usa.gov,681-764-2776,4
Cristin,Chatto,cchatto3w@4shared.com,259-229-6503,3
Retha,Mc Ilory,rmcilory3x@liveinternet.ru,980-525-8207,7
Michal,Pauley,mpauley3y@free.fr,210-537-2521,2
Susann,Flemming,sflemming3z@springer.com,841-351-5338,7
Connie,Daveley,cdaveley40@about.com,401-367-1537,7
Trudi,Gaughan,tgaughan41@ca.gov,803-967-7394,7
Darin,Shurmer,dshurmer42@livejournal.com,231-262-0126,4
Jacques,Lentsch,jlentsch43@posterous.com,599-588-9551,2
Dorothy,Tenny,dtenny44@cbslocal.com,732-124-1627,1
Martha,Tomaszkiewicz,mtomaszkiewicz45@devhub.com,586-176-3885,4
Xenos,Neilands,xneilands46@msu.edu,516-899-2749,4
Cesya,McQuin,cmcquin47@craigslist.org,640-377-4022,7
Benedetto,Portal,bportal48@diigo.com,664-825-0917,1
Niel,Calderhead,ncalderhead49@ed.gov,709-453-5854,4
Sancho,Sturr,ssturr4a@unc.edu,926-523-8446,5
Tremaine,Gabotti,tgabotti4b@smh.com.au,202-845-8120,7
Barnabas,Tunn,btunn4c@washingtonpost.com,783-627-8611,4
Margarethe,Gymlett,mgymlett4d@wufoo.com,977-596-3159,2
Thaddus,Ridolfi,tridolfi4e@ca.gov,825-131-4498,6
Constancia,Brosi,cbrosi4f@gov.uk,130-551-7930,7
Haroun,Slarke,hslarke4g@state.gov,455-190-4855,1
Tori,Barthelet,tbarthelet4h@edublogs.org,983-866-3385,4
Trent,Choppin,tchoppin4i@comsenz.com,155-154-9279,2
Matthias,Godley,mgodley4j@netlog.com,924-111-4263,4
Ichabod,Yair,iyair4k@army.mil,490-364-8221,7
Billy,Dauney,bdauney4l@mtv.com,643-174-1994,6
Edward,Fearns,efearns4m@netvibes.com,249-159-7471,5
Tracee,Mengo,tmengo4n@google.es,839-107-3420,3
Launce,Cassley,lcassley4o@google.cn,177-479-2467,1
Abbe,Rattery,arattery4p@washingtonpost.com,916-304-6171,1
Prudi,Lilion,plilion4q@psu.edu,447-921-6940,6
Nev,Marke,nmarke4r@yale.edu,207-458-7334,7
Gennie,Raoul,graoul4s@dot.gov,342-734-4535,3
Maury,Hurring,mhurring4t@amazon.co.jp,632-958-4709,3
Marianna,Ruhben,mruhben4u@plala.or.jp,193-654-9460,1
Juieta,Checcuzzi,jcheccuzzi4v@uiuc.edu,871-222-7747,7
Paul,Frusher,pfrusher4w@sina.com.cn,679-593-2375,1
Garland,MacArthur,gmacarthur4x@jimdo.com,766-576-9361,6
Shaylynn,Karolyi,skarolyi4y@zimbio.com,835-541-0719,7
Rheba,Klaiser,rklaiser4z@livejournal.com,362-551-9665,6
Catha,Mingardi,cmingardi50@1688.com,541-927-1646,7
Dacy,Cotte,dcotte51@rediff.com,143-997-0043,1
Golda,Yousef,gyousef52@ow.ly,578-856-6734,5
Earlie,Hudspith,ehudspith53@harvard.edu,707-924-9598,5
Robinetta,Camplejohn,rcamplejohn54@live.com,396-439-4438,4
Carmen,O'Haire,cohaire55@google.it,173-657-4257,5
Parrnell,Friedank,pfriedank56@cornell.edu,488-809-2513,7
Gabey,Broader,gbroader57@opera.com,566-337-3505,4
Garnet,Lanon,glanon58@wordpress.com,234-140-7468,5
Rocky,Barok,rbarok59@youku.com,465-992-2108,3
Sim,Murford,smurford5a@slashdot.org,220-633-1638,3
Marga,McGillicuddy,mmcgillicuddy5b@wufoo.com,689-680-1623,5
Wendi,Laurentino,wlaurentino5c@ibm.com,469-723-8423,1
Beverlee,Kildahl,bkildahl5d@vistaprint.com,952-808-1465,7
Sheffield,Dymidowski,sdymidowski5e@reuters.com,754-598-9701,4
Doralyn,Isaq,disaq5f@skyrock.com,449-319-0365,2
Goraud,Kettlestringe,gkettlestringe5g@ezinearticles.com,688-931-9252,2
Isidore,Holyland,iholyland5h@tumblr.com,498-307-7958,6
Krishna,Severn,ksevern5i@indiegogo.com,569-384-9216,6
Thibaut,Huffadine,thuffadine5j@wp.com,148-977-2162,4
Clem,Provost,cprovost5k@squarespace.com,799-278-6613,6
Killy,Clemendot,kclemendot5l@nationalgeographic.com,901-124-3159,7
Fletch,Sazio,fsazio5m@bluehost.com,290-750-2841,4
Robbi,Bowry,rbowry5n@e-recht24.de,510-581-1354,5
Amalea,Malamore,amalamore5o@webmd.com,467-257-7526,4
Harriot,Arling,harling5p@weather.com,905-406-3713,5
Cullin,McGilmartin,cmcgilmartin5q@mapquest.com,683-802-7353,7
Candide,Deble,cdeble5r@google.com,967-237-2663,2
Odo,Duligall,oduligall5s@elpais.com,890-150-3249,5
Barnard,Osgarby,bosgarby5t@zimbio.com,926-965-8264,7
Jordan,Orlton,jorlton5u@ocn.ne.jp,534-178-4202,7
Amy,Venart,avenart5v@reddit.com,599-897-0358,7
Rosabel,McRoberts,rmcroberts5w@bbb.org,656-387-8591,4
Elsbeth,Longstaffe,elongstaffe5x@narod.ru,287-276-7674,3
Angel,Jansky,ajansky5y@ifeng.com,864-764-0917,6
Nat,Schoffel,nschoffel5z@issuu.com,182-266-0521,7
Gun,Gittis,ggittis60@1und1.de,268-774-5421,3
Lorie,Hattiff,lhattiff61@histats.com,625-141-2568,1
Ulick,Knapper,uknapper62@cbsnews.com,290-304-5828,4
Liana,Nouch,lnouch63@loc.gov,179-709-2872,2
Hamnet,Fridlington,hfridlington64@vistaprint.com,131-261-5355,5
Luce,O'Feeney,lofeeney65@youku.com,950-172-5218,3
Jackqueline,Grisbrook,jgrisbrook66@networksolutions.com,749-471-7974,2
Shaun,Cumbers,scumbers67@hp.com,431-285-3820,4
Aurea,Auden,aauden68@globo.com,866-684-7238,5
Cassi,Antley,cantley69@slashdot.org,537-650-7570,5
Axe,Bewly,abewly6a@vimeo.com,543-755-5244,7
Stillman,Niccols,sniccols6b@cisco.com,292-153-4333,1
Stearn,Menloe,smenloe6c@mlb.com,943-482-2370,3
Shawn,McCawley,smccawley6d@buzzfeed.com,861-760-0058,5
Rinaldo,Yarham,ryarham6e@nationalgeographic.com,444-940-5983,5
Matthieu,Disley,mdisley6f@theglobeandmail.com,977-575-9349,5
Zerk,Faulder,zfaulder6g@mtv.com,300-767-8774,2
Ebonee,Danaher,edanaher6h@chronoengine.com,706-834-4577,7
Fax,Hawket,fhawket6i@xrea.com,644-473-3631,6
Reagen,Kuhlen,rkuhlen6j@pbs.org,381-121-3178,1
Ramonda,Roskilly,rroskilly6k@statcounter.com,500-192-0647,2
Antonia,Brandt,abrandt6l@ameblo.jp,488-434-7535,1
Howey,Stodd,hstodd6m@theglobeandmail.com,225-820-2023,7
Boote,Chittock,bchittock6n@bloglovin.com,573-234-9689,2
Chauncey,Joyner,cjoyner6o@sourceforge.net,491-533-6187,6
Babs,Vearnals,bvearnals6p@usa.gov,592-662-3935,2
Ange,Bardwell,abardwell6q@google.co.jp,474-845-6151,3
Ambrose,Simonetto,asimonetto6r@usatoday.com,365-346-0394,2
Bucky,Almond,balmond6s@vimeo.com,734-435-4783,5
Gardener,Gainfort,ggainfort6t@ucla.edu,654-216-1441,6
Maxine,Shackle,mshackle6u@timesonline.co.uk,581-668-0505,2
Park,Jarry,pjarry6v@trellian.com,904-387-3618,6
Danell,Du Hamel,dduhamel6w@naver.com,712-631-7917,5
Leonid,Casine,lcasine6x@quantcast.com,192-685-6778,4
Hildegaard,Warrington,hwarrington6y@paypal.com,976-408-1917,6
Fern,Blase,fblase6z@nsw.gov.au,230-664-6279,4
Nicko,Keunemann,nkeunemann70@disqus.com,245-487-6459,7
Dorene,Blazej,dblazej71@usatoday.com,606-487-2744,6
Tonya,Cuesta,tcuesta72@shinystat.com,815-436-1362,4
Kelly,Saur,ksaur73@noaa.gov,742-281-4791,3
Kyle,Furbank,kfurbank74@biblegateway.com,361-579-1746,7
Sheelah,Deboy,sdeboy75@squidoo.com,513-707-8853,3
Althea,Campa,acampa76@cpanel.net,762-420-7522,7
Ewen,Antosch,eantosch77@howstuffworks.com,994-639-8696,5
Ardra,Denyer,adenyer78@bandcamp.com,978-485-3533,3
Dionne,Bache,dbache79@marketwatch.com,400-622-3599,4
Betti,Brugh,bbrugh7a@noaa.gov,826-564-1457,6
Tami,Quartly,tquartly7b@twitpic.com,339-473-6248,3
Bran,Fishwick,bfishwick7c@networkadvertising.org,490-569-8529,1
Tobi,Zanetello,tzanetello7d@zimbio.com,301-785-4918,1
Benedikt,Anthona,banthona7e@phpbb.com,753-734-0046,4
Joyann,Ellerman,jellerman7f@xing.com,842-586-0761,3
Johanna,Godney,jgodney7g@aboutads.info,104-907-7654,2
Moore,Wansbury,mwansbury7h@wikispaces.com,804-503-6897,6
Taffy,Schustl,tschustl7i@msu.edu,196-704-6269,1
Lynnelle,Bridell,lbridell7j@indiatimes.com,886-563-3586,6
Henrie,Herrieven,hherrieven7k@paypal.com,622-696-1060,4
Betteanne,Seys,bseys7l@imdb.com,133-564-8805,7
Chadd,Blachford,cblachford7m@hugedomains.com,447-368-4191,6
Dorice,Laux,dlaux7n@aboutads.info,182-834-8711,4
Marie-ann,Withrington,mwithrington7o@ebay.co.uk,724-154-3126,1
Inez,Castell,icastell7p@etsy.com,844-981-3971,5
Annamaria,Caush,acaush7q@g.co,531-932-3440,6
Franzen,Swalwel,fswalwel7r@blogtalkradio.com,883-159-4848,5
Orlan,Riggs,origgs7s@patch.com,814-336-9128,2
Moss,Scrivenor,mscrivenor7t@rambler.ru,650-374-6680,3
Brunhilda,Culver,bculver7u@house.gov,766-750-2551,4
Fernanda,Dursley,fdursley7v@imdb.com,453-596-8078,2
Modestia,Lowater,mlowater7w@columbia.edu,678-399-0667,4
Dew,Ashbee,dashbee7x@barnesandnoble.com,428-387-6728,3
Norman,Swadlen,nswadlen7y@diigo.com,826-137-3825,7
Claudina,Tebbett,ctebbett7z@bigcartel.com,133-986-4203,1
Kristoforo,Wallhead,kwallhead80@chron.com,819-368-9880,6
Mortie,Hamson,mhamson81@cnbc.com,725-114-2520,6
Brig,Paddington,bpaddington82@yandex.ru,277-722-3433,6
Marcel,Murthwaite,mmurthwaite83@gmpg.org,599-376-6581,3
Stanwood,Yaneev,syaneev84@51.la,382-872-3784,6
Jacquetta,Bales,jbales85@techcrunch.com,160-421-0361,3
Lynda,Hugnot,lhugnot86@buzzfeed.com,901-241-5504,5
Christie,Risson,crisson87@skype.com,407-977-9264,5
Bertram,Stuttman,bstuttman88@china.com.cn,801-237-9375,1
Mozes,Krysztofiak,mkrysztofiak89@vk.com,724-576-2775,4
Mischa,Cross,mcross8a@irs.gov,240-453-3502,2
Lynnea,Rude,lrude8b@live.com,361-529-5637,4
Bekki,Chart,bchart8c@msn.com,166-587-4230,1
Vince,Withur,vwithur8d@jalbum.net,434-821-0636,1
Danya,Nevet,dnevet8e@scientificamerican.com,667-474-1078,6
Dene,Layburn,dlayburn8f@jalbum.net,586-443-9064,2
Isador,O'Kuddyhy,iokuddyhy8g@seesaa.net,408-626-0214,6
Jorrie,Shepton,jshepton8h@addtoany.com,889-240-7457,2
Ailina,Giovanitti,agiovanitti8i@abc.net.au,997-772-6749,3
Victoria,Zemler,vzemler8j@flavors.me,662-385-7162,2
Trude,Kinton,tkinton8k@dell.com,889-882-7354,6
Gilly,Brende,gbrende8l@nasa.gov,826-469-3416,4
Doretta,Landre,dlandre8m@hp.com,680-190-8623,6
Homer,Affleck,haffleck8n@wsj.com,223-874-7923,6
Howard,Heinlein,hheinlein8o@sciencedirect.com,388-531-2048,1
Othilie,Barti,obarti8p@go.com,625-254-5835,1
Sibby,Stanwix,sstanwix8q@godaddy.com,853-322-3990,4
Karlee,Lozano,klozano8r@cbc.ca,916-307-3580,1
Welch,Jakubovitch,wjakubovitch8s@biblegateway.com,857-923-3124,7
Adamo,Norheny,anorheny8t@va.gov,178-900-8998,1
Consuela,Caisley,ccaisley8u@bbc.co.uk,744-513-5754,5
Ludvig,Chartre,lchartre8v@adobe.com,896-612-3212,2
Happy,Petrasch,hpetrasch8w@mtv.com,975-446-4306,1
Guntar,Shirer,gshirer8x@photobucket.com,766-412-7480,6
Hewitt,Joscelyne,hjoscelyne8y@vistaprint.com,159-472-2178,5
Ardra,Bryns,abryns8z@tuttocitta.it,598-990-9494,1
Kaye,De Vuyst,kdevuyst90@moonfruit.com,488-829-1956,4
Moses,Percifull,mpercifull91@sohu.com,986-400-6045,6
Staford,Yeskov,syeskov92@who.int,158-819-3450,1
Aluino,Boldra,aboldra93@cocolog-nifty.com,644-233-0515,3
Duffie,Gonsalo,dgonsalo94@accuweather.com,239-910-0504,2
Lief,Petruszka,lpetruszka95@reddit.com,973-334-8735,1
Garreth,Ungerecht,gungerecht96@bloglines.com,254-803-3904,5
Wilbert,Donnel,wdonnel97@comcast.net,383-812-6169,6
Sonya,Lodo,slodo98@mayoclinic.com,496-682-7277,6
Justina,Attewill,jattewill99@e-recht24.de,405-465-5320,5
Dar,Arden,darden9a@wired.com,514-397-9693,4
Alphonso,Cater,acater9b@about.me,757-821-9715,7
Louis,Conrad,lconrad9c@reuters.com,506-342-4159,6
Carlina,Seth,cseth9d@smh.com.au,727-444-2525,1
Kilian,Sprigin,ksprigin9e@shop-pro.jp,684-552-6408,6
Lambert,Tripony,ltripony9f@netvibes.com,597-533-5494,7
Roth,Bremen,rbremen9g@msu.edu,304-896-0954,3
Elenore,Handley,ehandley9h@miibeian.gov.cn,723-629-1157,5
Margo,Dosdale,mdosdale9i@webmd.com,120-108-0286,6
Kendre,Kuhndel,kkuhndel9j@bluehost.com,912-574-7144,5
Tine,Cluett,tcluett9k@ocn.ne.jp,619-309-7459,7
Dasya,Lenz,dlenz9l@illinois.edu,475-420-1762,2
Rosella,Sea,rsea9m@naver.com,929-219-4441,6
Kristo,Slimings,kslimings9n@google.nl,874-753-7958,5
Holt,Parry,hparry9o@studiopress.com,468-738-6326,6
Rayner,Gofton,rgofton9p@vinaora.com,592-253-6056,3
Sena,Morena,smorena9q@over-blog.com,467-657-1709,7
Wilona,Marieton,wmarieton9r@storify.com,907-639-7602,6
Nerte,Dearness,ndearness9s@twitter.com,453-462-2093,4
Arden,Slipper,aslipper9t@ustream.tv,872-811-8969,5
Gabi,Bonnar,gbonnar9u@fema.gov,874-652-6721,7
Kenny,Hepher,khepher9v@harvard.edu,730-144-0745,4
Lily,Murrow,lmurrow9w@ibm.com,357-229-1617,1
Karlyn,Kingsland,kkingsland9x@army.mil,769-235-7597,6
Michale,Luca,mluca9y@mozilla.org,974-645-1983,4
Bamby,Ladel,bladel9z@wordpress.com,652-835-2240,1
Joannes,North,jnortha0@guardian.co.uk,655-332-8117,1
Jesse,Scrivenor,jscrivenora1@domainmarket.com,644-881-9182,7
Bennett,Deason,bdeasona2@flavors.me,118-904-4704,1
Victor,Biglin,vbiglina3@oakley.com,597-917-5018,4
Erinna,Bottoms,ebottomsa4@reference.com,121-142-4738,3
Roi,Kohrding,rkohrdinga5@reuters.com,957-482-4500,5
Wylma,Dumingo,wdumingoa6@geocities.jp,953-387-2070,1
Alvira,Goodliffe,agoodliffea7@xrea.com,375-314-1704,7
Kelvin,Grewcock,kgrewcocka8@theatlantic.com,369-150-0223,7
Nanny,Van Der Vlies,nvandervliesa9@cocolog-nifty.com,201-722-7504,4
Jamima,Puddicombe,jpuddicombeaa@gizmodo.com,933-895-9675,1
Vince,Cully,vcullyab@wsj.com,832-635-7981,5
Beale,Merrett,bmerrettac@jigsy.com,536-417-8027,7
Juanita,Beadham,jbeadhamad@stumbleupon.com,538-659-0922,2
Felita,Creavan,fcreavanae@about.com,924-839-2752,6
Mollie,Bitcheno,mbitchenoaf@ucoz.ru,932-908-3268,3
Sly,Dutnall,sdutnallag@moonfruit.com,493-299-0651,7
Kassandra,Spick,kspickah@fotki.com,689-224-4829,7
Maxie,Fishlock,mfishlockai@illinois.edu,462-957-1063,3
Marven,Cussen,mcussenaj@cpanel.net,991-822-5085,2
Heidie,Halsho,hhalshoak@is.gd,335-183-7242,2
Hettie,Sneaker,hsneakeral@tumblr.com,240-210-7836,2
Kizzie,Tidey,ktideyam@discovery.com,626-414-5733,3
Arni,Fildes,afildesan@cloudflare.com,541-444-0391,4
Almeda,McAuley,amcauleyao@timesonline.co.uk,997-600-0956,6
Lammond,Nucci,lnucciap@smh.com.au,185-234-0242,2
Sisile,Branscombe,sbranscombeaq@rediff.com,323-818-0235,3
Benjie,Dutson,bdutsonar@msu.edu,654-369-7365,4
Torrance,Laidler,tlaidleras@nhs.uk,230-968-5519,1
Glori,Bunny,gbunnyat@123-reg.co.uk,568-225-3424,1
Andie,Adshad,aadshadau@ed.gov,923-413-3925,1
Terrye,Hillaby,thillabyav@fc2.com,657-767-8136,6
Alphonse,Rodenburgh,arodenburghaw@qq.com,157-853-4617,3
Maurits,Mawson,mmawsonax@google.com.br,493-608-0165,3
Lynnett,Itzhayek,litzhayekay@4shared.com,483-729-3525,7
Deane,Delort,ddelortaz@purevolume.com,153-358-8246,4
Orelle,Pauwel,opauwelb0@dedecms.com,682-856-6184,5
Aloin,Slay,aslayb1@ocn.ne.jp,945-286-0028,2
Brit,Drysdale,bdrysdaleb2@apple.com,253-779-1600,6
Gherardo,MacCostigan,gmaccostiganb3@chronoengine.com,611-127-4770,1
Shem,Schohier,sschohierb4@wix.com,811-392-3952,3
Wash,Mullender,wmullenderb5@paypal.com,296-282-1684,2
Niven,Salandino,nsalandinob6@java.com,479-235-9682,2
Logan,Maudsley,lmaudsleyb7@weebly.com,497-599-1243,7
Marvin,Souch,msouchb8@seesaa.net,535-373-5608,5
Zita,Tripean,ztripeanb9@amazonaws.com,813-469-9909,2
Meggie,Botte,mbotteba@phoca.cz,801-486-0820,4
Efren,Budik,ebudikbb@hhs.gov,109-410-8282,4
Richart,Southerden,rsoutherdenbc@github.com,641-332-7919,6
Moll,Gallone,mgallonebd@java.com,437-436-9124,3
Stirling,Southway,ssouthwaybe@nationalgeographic.com,518-950-3100,6
Hamlen,Blundin,hblundinbf@linkedin.com,898-611-7763,1
Deena,Sousa,dsousabg@senate.gov,451-725-9872,7
Chandal,Bartoloma,cbartolomabh@nydailynews.com,348-467-1829,6
Rodina,Caesmans,rcaesmansbi@addtoany.com,488-924-3145,6
Roselle,Loosmore,rloosmorebj@si.edu,845-828-9899,1
Cherianne,Sidnall,csidnallbk@macromedia.com,758-507-6170,1
Colly,Rarity,craritybl@nifty.com,385-794-0009,6
Dianemarie,Bethell,dbethellbm@desdev.cn,582-637-9694,5
Willis,Randalson,wrandalsonbn@cargocollective.com,682-243-0591,5
Zara,O'Loughlin,zoloughlinbo@theglobeandmail.com,546-168-6582,5
Rudy,McWard,rmcwardbp@ucoz.com,625-467-7693,6
Debor,Heijnen,dheijnenbq@google.cn,896-592-8130,7
Rockwell,Beechcraft,rbeechcraftbr@ibm.com,921-602-8421,5
Chrystal,Fetterplace,cfetterplacebs@homestead.com,453-932-1867,1
Wynn,Jennrich,wjennrichbt@stumbleupon.com,710-152-1144,7
Kalina,Guy,kguybu@mysql.com,660-342-3539,5
Lonny,Sivill,lsivillbv@cargocollective.com,658-418-5703,6
Izzy,Bussy,ibussybw@cloudflare.com,492-838-0322,3
Eugenius,Doblin,edoblinbx@blinklist.com,923-661-7981,4
Hayden,Signorelli,hsignorelliby@meetup.com,166-758-0489,4
Ward,Gerwood,wgerwoodbz@va.gov,253-249-6568,5
Charline,Woosnam,cwoosnamc0@blogger.com,299-492-3356,4
Rozanne,Skelly,rskellyc1@tumblr.com,888-606-8344,2
Bliss,Brogini,bbroginic2@friendfeed.com,108-473-8251,5
Denni,Benezeit,dbenezeitc3@bing.com,421-957-2513,3
Base,Norsworthy,bnorsworthyc4@yolasite.com,510-380-2513,3
Tiebout,Calyton,tcalytonc5@yellowbook.com,869-101-9507,1
Malvina,Nias,mniasc6@google.ca,731-886-7807,7
Duffie,Heazel,dheazelc7@technorati.com,989-856-5768,5
Corabella,Kettlestring,ckettlestringc8@domainmarket.com,390-125-7582,7
Isac,Trevaskis,itrevaskisc9@sciencedirect.com,819-177-9462,1
Abbe,Saladin,asaladinca@pbs.org,147-199-9587,4
Jeane,Wilcocke,jwilcockecb@elegantthemes.com,649-407-6223,1
Adaline,Bearne,abearnecc@oracle.com,280-305-6470,4
Charissa,Reeme,creemecd@photobucket.com,670-135-8295,2
Bryn,Dooland,bdoolandce@cbc.ca,973-180-1995,2
Farly,Rubenov,frubenovcf@yolasite.com,439-703-5777,5
Amandy,Lethabridge,alethabridgecg@goodreads.com,246-247-5785,4
Brian,Grestye,bgrestyech@example.com,750-262-3478,3
Bartholomeus,Peabody,bpeabodyci@wikipedia.org,611-604-3517,1
Antonetta,Lipmann,alipmanncj@posterous.com,940-696-1020,3
Anneliese,Crosston,acrosstonck@stumbleupon.com,131-467-9465,5
Inessa,Oxborrow,ioxborrowcl@apple.com,760-174-3780,5
Artemus,Houdmont,ahoudmontcm@sphinn.com,520-241-2468,1
Kerby,Westmacott,kwestmacottcn@spiegel.de,459-906-7288,7
Ofella,Gammill,ogammillco@fda.gov,533-623-0812,5
Helen-elizabeth,Nicholes,hnicholescp@diigo.com,602-721-5886,2
Cary,Wanne,cwannecq@paypal.com,686-777-0612,1
Gerri,Ulyatt,gulyattcr@npr.org,580-726-4514,1
Gino,Conechie,gconechiecs@is.gd,970-542-9403,3
Hyacintha,Sheaf,hsheafct@slashdot.org,624-345-5276,6
Ozzy,Hovee,ohoveecu@clickbank.net,242-437-0554,1
Eyde,Queenborough,equeenboroughcv@meetup.com,804-934-4519,3
Siffre,D'Andrea,sdandreacw@harvard.edu,208-583-6678,4
Etti,Nazair,enazaircx@instagram.com,869-402-0559,6
Barri,Kinnear,bkinnearcy@so-net.ne.jp,366-450-3549,4
Raye,Longmuir,rlongmuircz@google.it,571-329-4365,2
Dulcea,Grissett,dgrissettd0@rakuten.co.jp,753-696-9262,7
Daniele,Vedenyakin,dvedenyakind1@dagondesign.com,833-665-1170,5
Eyde,Umbers,eumbersd2@cpanel.net,932-567-0371,2
Kermie,Gopsill,kgopsilld3@unc.edu,373-938-5098,4
Milty,Tink,mtinkd4@dell.com,557-264-6072,2
Kenny,Leydon,kleydond5@cnet.com,333-792-2748,3
Coleen,Loynton,cloyntond6@exblog.jp,566-580-8469,3
Chadwick,Cobbe,ccobbed7@admin.ch,919-158-5685,4
Ryann,Graal,rgraald8@marketwatch.com,412-904-9620,1
Carrie,Roarty,croartyd9@dailymail.co.uk,490-461-7617,7
Marthena,Buse,mbuseda@ezinearticles.com,736-210-9853,3
Steve,Druhan,sdruhandb@accuweather.com,221-993-0017,5
Brice,Castro,bcastrodc@alibaba.com,259-352-3084,1
Noam,Chateau,nchateaudd@stumbleupon.com,838-991-8048,4
Alisander,Crosskell,acrosskellde@gnu.org,571-256-9879,2
Pearla,Nend,pnenddf@uol.com.br,622-967-4326,4
Salomi,Thams,sthamsdg@smh.com.au,903-316-4742,1
Anne-marie,Bilton,abiltondh@goo.gl,846-779-6049,6
Sayre,Gogay,sgogaydi@sciencedaily.com,394-557-3891,5
Maighdiln,Alvarez,malvarezdj@slate.com,521-303-6063,6
Hale,Hourican,hhouricandk@boston.com,752-710-3527,4
Lenora,St. Aubyn,lstaubyndl@shinystat.com,349-974-4158,3
Amber,Brounsell,abrounselldm@google.es,412-255-1469,1
Germaine,Fruser,gfruserdn@time.com,950-904-1187,2
Clea,Fortman,cfortmando@posterous.com,353-359-6343,3
Celine,Pamment,cpammentdp@intel.com,377-479-0194,6
Rosita,Jannasch,rjannaschdq@weibo.com,565-504-6831,1
Bernhard,Louth,blouthdr@blogtalkradio.com,481-264-9047,4
Glenn,Skirrow,gskirrowds@slideshare.net,627-123-3591,2
Koral,Purvey,kpurveydt@berkeley.edu,719-581-1566,5
Evangelia,Cuppleditch,ecuppleditchdu@uol.com.br,513-489-0138,2
Rochette,Gifkins,rgifkinsdv@hatena.ne.jp,298-138-6696,7
Shep,Mussalli,smussallidw@posterous.com,997-448-3982,3
Carmelita,Mattisson,cmattissondx@chron.com,366-794-3331,3
Emilie,Mulholland,emulhollanddy@jugem.jp,286-626-0637,7
Mahmoud,Tootell,mtootelldz@simplemachines.org,329-532-8882,2
Chrysa,Gonthier,cgonthiere0@cisco.com,833-306-8000,2
Juanita,Spinney,jspinneye1@clickbank.net,231-897-7629,3
Neely,Yakobowitz,nyakobowitze2@bbc.co.uk,347-687-2351,5
Leroi,Tod,ltode3@uol.com.br,483-325-2426,2
Obadias,Wolfendale,owolfendalee4@howstuffworks.com,977-395-7850,4
Noach,Pinnion,npinnione5@usatoday.com,156-524-8294,5
Jamie,Risby,jrisbye6@redcross.org,691-157-1160,4
Alvin,McElane,amcelanee7@imdb.com,932-454-7668,6
Stillman,Fidler,sfidlere8@stumbleupon.com,660-123-4413,3
Pet,Zuker,pzukere9@umich.edu,135-619-3089,1
Philip,Crossingham,pcrossinghamea@hatena.ne.jp,788-125-8042,2
Emelita,Loveday,elovedayeb@cbc.ca,357-465-6325,6
Emilee,Matus,ematusec@ning.com,556-529-8570,4
Theobald,Wagge,twaggeed@so-net.ne.jp,253-698-9943,7
Gregorius,Dilger,gdilgeree@paypal.com,940-899-4131,3
Siegfried,Duckham,sduckhamef@cocolog-nifty.com,878-741-2668,2
Forbes,Giggs,fgiggseg@baidu.com,992-357-6443,3
Ladonna,Halloran,lhalloraneh@indiatimes.com,898-787-7125,6
Nettie,Truswell,ntruswellei@1688.com,837-713-8542,7
Carmelle,Tegeller,ctegellerej@list-manage.com,669-449-7320,6
Wenonah,Scullin,wscullinek@barnesandnoble.com,948-273-4044,1
Dani,Evenett,devenettel@acquirethisname.com,686-560-4714,3
Janeczka,Manuello,jmanuelloem@ucla.edu,904-591-9329,4
Min,Feilden,mfeildenen@odnoklassniki.ru,855-321-7930,2
Vassily,Handrok,vhandrokeo@slashdot.org,675-579-8908,1
Elsie,Petrolli,epetrolliep@ed.gov,202-211-4420,4
Roseann,Prin,rprineq@digg.com,252-767-6787,5
Rhonda,Do,rdoer@google.pl,731-411-8130,4
Kettie,Nardi,knardies@examiner.com,611-139-0125,2
Rosaleen,Sibthorpe,rsibthorpeet@plala.or.jp,670-521-7418,1
Halsy,Doget,hdogeteu@alexa.com,500-712-0791,5
Ray,O' Markey,romarkeyev@admin.ch,227-676-2123,3
Prissie,Sansum,psansumew@eventbrite.com,873-297-5732,3
Amitie,MacCart,amaccartex@nba.com,878-968-6845,4
Hamlen,Bockman,hbockmaney@stanford.edu,234-505-6975,1
Clarance,Dzenisenka,cdzenisenkaez@cbslocal.com,195-359-6189,1
Kristina,Fackrell,kfackrellf0@altervista.org,132-861-8186,1
Aubree,Samarth,asamarthf1@hubpages.com,173-999-7235,1
Cornela,Bignell,cbignellf2@economist.com,429-822-3524,7
Aksel,Speke,aspekef3@archive.org,819-761-1101,3
Joli,Skatcher,jskatcherf4@google.nl,599-777-6927,7
Etheline,Giraudou,egiraudouf5@acquirethisname.com,350-431-7897,3
Britt,Hassard,bhassardf6@senate.gov,657-745-4178,1
Georgianna,Kenson,gkensonf7@simplemachines.org,755-835-4303,5
Simmonds,Malley,smalleyf8@homestead.com,422-271-5767,7
Jenine,Alcott,jalcottf9@chronoengine.com,502-680-1644,1
Parker,Djurdjevic,pdjurdjevicfa@tmall.com,656-239-1019,2
Patience,Pettifor,ppettiforfb@jigsy.com,100-656-1327,5
Dotti,Mainwaring,dmainwaringfc@psu.edu,704-536-6482,5
Wilie,Wattingham,wwattinghamfd@yandex.ru,603-726-6767,2
Matthew,Kleinber,mkleinberfe@umn.edu,688-730-1505,7
Lindsay,Alleburton,lalleburtonff@ibm.com,939-553-8533,4
Lenka,Rafferty,lraffertyfg@theguardian.com,440-120-8543,2
Nikos,Sinden,nsindenfh@ning.com,341-402-7238,3
Selinda,Teal,stealfi@japanpost.jp,271-614-6760,2
Alfy,Walling,awallingfj@virginia.edu,997-173-9066,4
Neila,Rignold,nrignoldfk@npr.org,658-693-8303,1
Rina,Rowles,rrowlesfl@imageshack.us,163-134-3555,7
Edsel,Eliassen,eeliassenfm@china.com.cn,692-661-7984,4
Andres,Glencrosche,aglencroschefn@hibu.com,661-297-8912,3
Gayelord,Dedney,gdedneyfo@google.nl,824-854-8278,2
Kelcey,Orlton,korltonfp@quantcast.com,559-403-3540,6
Mikel,Rembrandt,mrembrandtfq@ow.ly,873-344-0378,4
Mikkel,Antecki,manteckifr@g.co,188-480-6903,4
Jenna,Swindells,jswindellsfs@msu.edu,338-826-2162,1
Chad,Laborde,clabordeft@last.fm,617-161-2666,3
Bonita,McGillecole,bmcgillecolefu@businessweek.com,757-363-7279,2
Sondra,Fasey,sfaseyfv@ycombinator.com,170-914-1690,3
Kenna,Succamore,ksuccamorefw@google.com.br,671-697-7138,1
Elysia,Wilds,ewildsfx@archive.org,916-439-6473,4
Adams,Woodbridge,awoodbridgefy@foxnews.com,282-253-2680,6
Wendye,Buse,wbusefz@mit.edu,798-391-6128,6
Rollins,Fergyson,rfergysong0@hostgator.com,230-636-1792,1
Mirabel,Crabbe,mcrabbeg1@washington.edu,307-471-7142,4
Margarette,Arniz,marnizg2@digg.com,365-947-7675,2
Lorna,Yair,lyairg3@sciencedaily.com,237-571-7344,2
Brenn,McRobbie,bmcrobbieg4@geocities.com,679-840-6477,7
Maddalena,Imeson,mimesong5@skyrock.com,809-458-4115,6
Arnaldo,Pafford,apaffordg6@msu.edu,612-123-6150,4
Ana,Djokic,adjokicg7@multiply.com,268-384-0986,6
Kora,Venturoli,kventurolig8@uiuc.edu,322-947-4669,2
Eduard,Dubose,eduboseg9@abc.net.au,140-875-8514,2
Annabal,Boobyer,aboobyerga@google.fr,909-625-0379,4
Kali,Collister,kcollistergb@indiegogo.com,179-894-8990,1
Rachele,Knappe,rknappegc@google.ca,395-287-2310,2
Fons,Patrickson,fpatricksongd@icq.com,492-979-4439,4
Dolly,Carragher,dcarragherge@mediafire.com,465-518-7573,5
Analiese,Jedryka,ajedrykagf@squidoo.com,443-175-1292,1
Tiebout,O'Cannan,tocannangg@narod.ru,716-483-0089,4
Stace,Gilvear,sgilveargh@ebay.co.uk,298-877-9006,6
Skipp,Mabbott,smabbottgi@elpais.com,476-330-3271,7
Paule,Gowthorpe,pgowthorpegj@example.com,710-378-6468,3
Avis,Goldsbury,agoldsburygk@mapquest.com,556-520-5994,3
Kissee,Ambrosoni,kambrosonigl@hibu.com,924-766-3760,5
Bunny,Redmell,bredmellgm@com.com,380-295-1168,4
Anthe,Cousans,acousansgn@bloglovin.com,659-223-8473,7
Fee,Huws,fhuwsgo@rambler.ru,679-333-9050,1
Moss,Alleyn,malleyngp@blogs.com,925-392-9888,3
Lonee,Redmond,lredmondgq@ycombinator.com,476-587-2847,7
Tamarra,Pyffe,tpyffegr@google.com.hk,819-844-7741,6
Tammara,Tremayle,ttremaylegs@virginia.edu,807-796-0586,6
Gerti,Thor,gthorgt@foxnews.com,309-856-2175,6
Wilton,De Blasi,wdeblasigu@fastcompany.com,953-831-8787,5
Sondra,Brigg,sbrigggv@moonfruit.com,325-423-9202,3
Dion,Chipchase,dchipchasegw@wix.com,737-332-2048,4
Fiann,Burnitt,fburnittgx@printfriendly.com,717-677-0401,6
Tedi,Bront,tbrontgy@bbc.co.uk,566-817-5745,4
Eugenius,Biggam,ebiggamgz@ebay.com,936-144-8588,6
Emyle,Blaney,eblaneyh0@businessweek.com,598-573-3573,2
Genia,Bindin,gbindinh1@telegraph.co.uk,525-795-4069,1
Irwin,Splevings,isplevingsh2@yolasite.com,850-701-4076,7
Burlie,Spread,bspreadh3@kickstarter.com,677-526-0767,7
Lemuel,Jeandel,ljeandelh4@usa.gov,370-239-5482,7
Bary,O'Hoey,bohoeyh5@free.fr,745-889-2859,7
Harwilll,Sivior,hsiviorh6@patch.com,168-628-0106,5
Harmony,Hurch,hhurchh7@sbwire.com,433-994-9949,1
Joel,Piken,jpikenh8@europa.eu,884-109-4911,7
Griz,Barraclough,gbarracloughh9@gravatar.com,866-449-2868,2
Shell,Lowers,slowersha@pbs.org,117-457-1592,7
Tristan,Hadlee,thadleehb@opera.com,312-429-5814,6
Rosalia,Dmitrichenko,rdmitrichenkohc@nhs.uk,219-196-2516,5
Kyle,Corssen,kcorssenhd@so-net.ne.jp,303-345-2881,3
Kristyn,Lindblom,klindblomhe@examiner.com,801-449-4213,2
Giffard,Greenrodd,ggreenroddhf@biglobe.ne.jp,593-858-2863,4
Paulie,Rennock,prennockhg@google.co.uk,466-873-9727,2
Sergeant,Brierley,sbrierleyhh@acquirethisname.com,870-287-1129,4
Brigida,Moral,bmoralhi@wix.com,627-843-7269,4
Karlen,Eastcourt,keastcourthj@sohu.com,753-273-3482,3
Mandel,Ginnety,mginnetyhk@g.co,671-748-5165,4
Moss,Gives,mgiveshl@mac.com,463-889-6558,2
Gayel,Gumley,ggumleyhm@jiathis.com,472-665-7408,4
Gregory,Blaes,gblaeshn@latimes.com,610-125-9033,5
Carol-jean,Corselles,ccorsellesho@nydailynews.com,883-924-4006,6
Tilly,Dodson,tdodsonhp@uiuc.edu,791-197-4911,5
Sheffield,Scully,sscullyhq@booking.com,240-514-0271,1
Carlin,Bolgar,cbolgarhr@surveymonkey.com,155-734-0871,5
Madelyn,Bolding,mboldinghs@w3.org,896-696-8436,1
Benedict,Tottle,btottleht@cargocollective.com,909-261-8525,2
Hadria,Mc Meekin,hmcmeekinhu@bloglines.com,312-216-8093,5
Kirsteni,Willcox,kwillcoxhv@mac.com,361-518-9189,2
Benyamin,McNamee,bmcnameehw@behance.net,462-751-8160,4
Cordie,McLelland,cmclellandhx@e-recht24.de,986-883-0169,5
Melisande,Aleksich,maleksichhy@ustream.tv,702-117-3094,7
Tyson,Murrell,tmurrellhz@pbs.org,621-128-5388,1
Weber,Speke,wspekei0@addtoany.com,121-236-8735,5
Fidelio,Garham,fgarhami1@creativecommons.org,550-556-8247,5
Artair,Jenno,ajennoi2@usa.gov,500-629-0548,6
Chrotoem,Oldnall,coldnalli3@cmu.edu,971-990-2737,7
Gerick,Kibbye,gkibbyei4@ihg.com,485-689-1181,4
Clare,Passby,cpassbyi5@xinhuanet.com,575-778-2898,7
Vicki,Mahy,vmahyi6@newsvine.com,771-777-4779,3
Walsh,Waddams,wwaddamsi7@mozilla.org,497-321-5646,2
Tasha,Woonton,twoontoni8@bigcartel.com,802-491-8581,4
Reine,Buddleigh,rbuddleighi9@desdev.cn,445-507-7707,3
Emmett,Collet,ecolletia@addthis.com,117-354-5526,5
Gwyn,Kaemena,gkaemenaib@dmoz.org,904-113-9458,4
Sigfrid,Cawker,scawkeric@i2i.jp,307-321-2236,4
Skip,Cardello,scardelloid@microsoft.com,736-721-7469,1
Noellyn,Aicken,naickenie@joomla.org,229-459-4415,5
Goober,Beadnell,gbeadnellif@netscape.com,604-314-8052,2
Siouxie,Grigorian,sgrigorianig@nationalgeographic.com,399-308-7070,4
Cris,Cathro,ccathroih@hud.gov,360-236-1015,5
Wilden,McFee,wmcfeeii@sourceforge.net,963-148-7033,7
Glynnis,Danzey,gdanzeyij@geocities.com,758-730-4780,4
Valentino,Olive,voliveik@whitehouse.gov,538-650-3097,2
Inigo,Proske,iproskeil@umich.edu,872-979-0236,1
Seline,Allawy,sallawyim@gravatar.com,497-540-6812,1
Wally,Halksworth,whalksworthin@sina.com.cn,557-903-6297,5
Ash,Dunton,aduntonio@ft.com,409-863-8308,6
Danya,Deniskevich,ddeniskevichip@networkadvertising.org,342-435-1700,7
Noach,Bernetti,nbernettiiq@shareasale.com,853-608-0819,6
Burnard,Bickerstaffe,bbickerstaffeir@so-net.ne.jp,175-889-1979,5
Hastie,Cafferky,hcafferkyis@hc360.com,839-256-4961,7
Drusi,Halsall,dhalsallit@wikispaces.com,497-963-6776,5
Cherey,Aharoni,caharoniiu@theatlantic.com,828-648-1636,5
Herminia,Dobkin,hdobkiniv@dailymotion.com,773-538-9491,4
Rosella,Lakeman,rlakemaniw@oracle.com,320-362-3917,2
Merrill,Tregale,mtregaleix@weebly.com,206-296-1736,1
Hadley,Murr,hmurriy@soup.io,509-652-6609,1
Alberto,Chaffyn,achaffyniz@nydailynews.com,623-108-8541,3
Stormy,Vashchenko,svashchenkoj0@dailymail.co.uk,362-801-9061,5
Pietra,O'Sherrin,posherrinj1@umn.edu,457-463-2523,6
Mollee,Minards,mminardsj2@bigcartel.com,918-115-0161,1
Kissiah,Partleton,kpartletonj3@prnewswire.com,246-315-8929,5
Hattie,Harries,hharriesj4@360.cn,265-928-5823,5
Rosemonde,Kerwin,rkerwinj5@unc.edu,401-286-1570,3
Tully,Tuffield,ttuffieldj6@archive.org,527-782-6675,5
Elliot,Sorrel,esorrelj7@istockphoto.com,996-974-3772,6
Odilia,Hammon,ohammonj8@posterous.com,823-598-5904,6
Suki,Wyldbore,swyldborej9@cbslocal.com,513-684-3346,2
Gery,Laroze,glarozeja@networkadvertising.org,390-860-2658,2
Sunshine,Delort,sdelortjb@ustream.tv,979-370-0903,5
Alvina,Headech,aheadechjc@google.cn,287-738-6500,7
Fan,Verrall,fverralljd@facebook.com,938-493-2040,6
Lief,Kitney,lkitneyje@google.es,125-694-5914,2
Solomon,Skune,sskunejf@msn.com,438-599-5167,7
Pacorro,Wimpeney,pwimpeneyjg@flavors.me,257-590-1666,4
Carlye,Twiggins,ctwigginsjh@360.cn,231-386-5487,4
Marya,Pipes,mpipesji@icq.com,414-578-9487,1
Latrina,Robertelli,lrobertellijj@naver.com,271-794-3289,3
Grier,Buckle,gbucklejk@washington.edu,766-240-9903,3
Jereme,Parkhouse,jparkhousejl@t-online.de,988-969-7523,4
Kimmie,Daskiewicz,kdaskiewiczjm@unc.edu,639-537-8221,7
Beret,Mussington,bmussingtonjn@soup.io,709-153-5179,3
Gayelord,Golsworthy,ggolsworthyjo@kickstarter.com,364-483-1084,7
Timmi,Pett,tpettjp@si.edu,605-946-0863,4
Eveleen,Glasebrook,eglasebrookjq@sourceforge.net,708-832-1410,3
Konstance,Thridgould,kthridgouldjr@w3.org,430-641-9817,4
Kameko,Belford,kbelfordjs@walmart.com,438-865-2732,3
Paolina,Tailby,ptailbyjt@spiegel.de,823-326-0385,4
Frannie,Bamborough,fbamboroughju@sourceforge.net,860-310-2629,3
Danica,Smogur,dsmogurjv@intel.com,623-188-6165,5
Penni,Rathborne,prathbornejw@vk.com,493-942-2067,6
Druci,Leband,dlebandjx@kickstarter.com,691-675-0526,1
Saul,Langston,slangstonjy@360.cn,995-215-5502,5
Laurie,Phillps,lphillpsjz@ow.ly,789-305-9990,4
Bord,Paolino,bpaolinok0@etsy.com,527-819-5897,5
Judith,Caccavale,jcaccavalek1@privacy.gov.au,968-513-4141,5
Colman,Simonnet,csimonnetk2@canalblog.com,169-700-7578,3
Tabby,Meynell,tmeynellk3@usnews.com,654-156-8058,2
Ike,Schrei,ischreik4@vk.com,481-144-8258,3
Raimundo,Keirl,rkeirlk5@simplemachines.org,706-860-2225,2
Roxine,Libby,rlibbyk6@alexa.com,158-546-3551,6
Dimitry,Mayger,dmaygerk7@tripadvisor.com,942-673-7524,3
Blair,Taberner,btabernerk8@so-net.ne.jp,275-668-0064,3
Nil,Lordon,nlordonk9@miitbeian.gov.cn,182-145-8409,3
Oona,Mandell,omandellka@skype.com,411-345-0682,4
Burk,Vezey,bvezeykb@goo.gl,930-350-0582,3
Gwennie,Clearie,gcleariekc@nhs.uk,946-714-6775,5
Margot,Filipponi,mfilipponikd@w3.org,550-764-0943,3
Jasmina,Seymer,jseymerke@twitter.com,285-771-6862,6
Esta,Castelyn,ecastelynkf@desdev.cn,878-495-1487,6
Nert,Josovich,njosovichkg@php.net,462-662-3504,4
Freida,Alesio,falesiokh@salon.com,139-945-2486,2
Wally,Sarton,wsartonki@ucla.edu,357-974-0980,6
Junia,Ainslie,jainsliekj@ask.com,405-419-8811,3
Dorey,Williamson,dwilliamsonkk@bloomberg.com,376-411-6107,7
Emmit,Hanford,ehanfordkl@taobao.com,241-626-0765,1
Blondell,Pacheco,bpachecokm@nasa.gov,234-143-8526,3
Archibold,Allawy,aallawykn@over-blog.com,423-712-8314,4
Kellsie,Santen,ksantenko@washington.edu,956-726-3350,7
Chuck,Sonschein,csonscheinkp@abc.net.au,383-105-8017,2
Brit,Dafforne,bdaffornekq@auda.org.au,326-982-3614,7
Hilliard,Satterlee,hsatterleekr@dell.com,166-756-3372,5
Wolf,Mugridge,wmugridgeks@surveymonkey.com,986-437-2514,3
Tyrus,Eales,tealeskt@etsy.com,521-887-5322,5
Fraze,Bauer,fbauerku@goo.ne.jp,228-244-8794,3
Demetri,Dreakin,ddreakinkv@tripadvisor.com,669-634-3639,6
Ulick,Halle,uhallekw@ted.com,618-191-5504,7
Vally,Cass,vcasskx@rakuten.co.jp,753-949-6253,7
Mortimer,Axtell,maxtellky@edublogs.org,114-181-7059,7
Roxane,Jankovsky,rjankovskykz@abc.net.au,770-413-9444,1
Randi,Dibdin,rdibdinl0@army.mil,915-565-3628,2
Steffen,Rhubottom,srhubottoml1@youtube.com,447-917-7153,7
Gaston,Callender,gcallenderl2@deviantart.com,414-933-7004,1
Edwin,Ernke,eernkel3@unc.edu,784-331-2566,1
Mufi,Kidstoun,mkidstounl4@latimes.com,952-234-2518,7
Pierrette,Edelheid,pedelheidl5@businessinsider.com,753-810-9550,4
Gladi,Elmore,gelmorel6@alexa.com,427-615-3755,4
Lulita,Waldock,lwaldockl7@jigsy.com,790-425-0775,4
Evyn,McPhillips,emcphillipsl8@mediafire.com,779-177-8322,6
Elihu,Ayling,eaylingl9@webeden.co.uk,335-837-1591,1
Sollie,Huerta,shuertala@earthlink.net,261-701-3974,2
Tiphanie,Matkin,tmatkinlb@google.com.br,890-705-0495,7
Stavro,Heims,sheimslc@sourceforge.net,779-995-2318,2
Inga,Boor,iboorld@timesonline.co.uk,195-466-3737,1
Bondon,Tibalt,btibaltle@quantcast.com,795-536-9931,3
Emilee,Ivshin,eivshinlf@bbc.co.uk,299-891-5339,6
Danika,Sinfield,dsinfieldlg@hc360.com,434-584-7817,3
Kerry,Bichener,kbichenerlh@freewebs.com,386-427-9198,4
Benny,McAvinchey,bmcavincheyli@time.com,803-675-5690,2
Laird,Filgate,lfilgatelj@feedburner.com,754-860-7589,3
Benedicto,Brecher,bbrecherlk@meetup.com,125-186-6759,6
Joyce,Bowdler,jbowdlerll@ftc.gov,242-753-4323,3
Karleen,Croutear,kcroutearlm@smh.com.au,877-258-4009,4
Adrian,Fellos,afellosln@latimes.com,797-533-1172,6
Adoree,McGinlay,amcginlaylo@mit.edu,517-530-4864,5
Lindon,Domek,ldomeklp@toplist.cz,357-770-8811,2
Matty,Kettleson,mkettlesonlq@nifty.com,586-410-4464,2
Kurt,Bunston,kbunstonlr@bandcamp.com,390-966-7849,5
Hervey,Mossom,hmossomls@tripod.com,289-138-6209,2
Leisha,Wildash,lwildashlt@over-blog.com,391-587-3908,3
Jazmin,Sante,jsantelu@google.nl,756-352-7702,6
Somerset,Orsay,sorsaylv@squidoo.com,827-403-0218,6
Marlow,Figiovanni,mfigiovannilw@weebly.com,722-642-1831,7
Masha,Pridmore,mpridmorelx@ihg.com,953-917-0140,4
Kile,Dalyiel,kdalyielly@craigslist.org,660-109-7976,4
Boniface,Seaton,bseatonlz@techcrunch.com,741-851-7400,2
Geoffrey,Tomaszkiewicz,gtomaszkiewiczm0@blinklist.com,240-625-6972,6
Wendi,Lovelady,wloveladym1@gizmodo.com,127-245-8245,1
Efrem,Kohrding,ekohrdingm2@prlog.org,288-392-0158,7
Ondrea,Thrasher,othrasherm3@eepurl.com,459-134-5823,1
Ellyn,Cuskery,ecuskerym4@e-recht24.de,933-214-6279,7
Damita,Dunne,ddunnem5@theguardian.com,253-293-1917,7
Jess,Pile,jpilem6@livejournal.com,171-755-3633,2
Bel,Reignard,breignardm7@canalblog.com,768-186-0647,7
Buckie,Bendell,bbendellm8@army.mil,821-302-1213,1
Ardisj,Haslam,ahaslamm9@networkadvertising.org,230-627-0835,1
Candy,Yaxley,cyaxleyma@so-net.ne.jp,155-273-1961,6
Beret,Tuerena,btuerenamb@behance.net,529-417-9680,7
Bellanca,Janko,bjankomc@whitehouse.gov,382-316-1324,2
Claudia,Shields,cshieldsmd@netvibes.com,901-938-9306,5
Araldo,Markus,amarkusme@dell.com,296-958-8300,6
Moira,Oaten,moatenmf@chronoengine.com,114-584-9117,1
Rodolph,Corker,rcorkermg@samsung.com,338-413-1679,1
Ronalda,Hutfield,rhutfieldmh@theatlantic.com,832-832-7261,7
Clio,Hayzer,chayzermi@newyorker.com,124-683-9232,1
Pepillo,Munroe,pmunroemj@archive.org,340-258-0527,5
Adria,Leonarde,aleonardemk@auda.org.au,740-305-4066,6
Lea,Nudd,lnuddml@icq.com,140-141-8426,7
Tallie,Eldrett,teldrettmm@webs.com,851-485-9392,5
Lorant,Docker,ldockermn@nps.gov,105-357-7990,7
Ringo,Tuny,rtunymo@lulu.com,283-457-5479,1
Beryle,Sowood,bsowoodmp@eepurl.com,706-377-1625,7
Pam,Jovey,pjoveymq@tuttocitta.it,198-321-2433,3
Salomi,Bartalucci,sbartaluccimr@123-reg.co.uk,208-544-2803,6
Malinde,Vitall,mvitallms@dedecms.com,354-200-3143,2
Reagan,Baigent,rbaigentmt@hostgator.com,708-138-5006,5
Dannel,Valenti,dvalentimu@dropbox.com,700-204-1931,7
Maje,Hurdle,mhurdlemv@hp.com,714-708-2802,5
Damaris,Hiddy,dhiddymw@illinois.edu,882-824-4069,6
Ariana,Piggen,apiggenmx@t.co,112-933-9654,4
Edsel,Doeg,edoegmy@mashable.com,678-667-8424,7
Nancey,Matuschek,nmatuschekmz@bloglines.com,506-712-6768,1
Roscoe,Sahlstrom,rsahlstromn0@buzzfeed.com,407-836-9477,5
Bartie,Farnham,bfarnhamn1@gnu.org,386-599-1808,2
Krystalle,Ackenhead,kackenheadn2@mayoclinic.com,878-489-0129,6
Consuela,Eidelman,ceidelmann3@zimbio.com,802-937-4882,5
Micaela,Hammon,mhammonn4@pcworld.com,432-529-2727,4
Elora,McArdle,emcardlen5@apple.com,902-612-9904,4
Addia,Blodgetts,ablodgettsn6@intel.com,512-661-0917,7
Emmie,Holberry,eholberryn7@tripadvisor.com,793-329-1544,4
Anna-diana,Haisell,ahaiselln8@geocities.jp,371-560-9179,4
Feliks,Priddle,fpriddlen9@wix.com,835-594-0314,3
Nonah,Dysart,ndysartna@foxnews.com,604-729-0227,2
Clemens,Zellmer,czellmernb@dropbox.com,480-864-9421,6
Balduin,Stranks,bstranksnc@umn.edu,561-133-9126,1
Cati,Goldes,cgoldesnd@icio.us,581-443-9635,5
Kristos,Reville,krevillene@wordpress.com,258-591-0922,1
Minor,Pavlik,mpavliknf@noaa.gov,854-497-6633,1
Britteny,Lambird,blambirdng@mayoclinic.com,449-471-0676,6
Corette,Clubb,cclubbnh@deliciousdays.com,934-104-1595,2
Foss,Sumner,fsumnerni@goodreads.com,752-914-1977,1
Glynis,Danes,gdanesnj@yellowpages.com,468-938-4259,4
Buck,Braxton,bbraxtonnk@flavors.me,179-346-8401,1
Harold,Stiggers,hstiggersnl@home.pl,126-139-4216,4
Creigh,Luxon,cluxonnm@cnn.com,596-820-5896,3
Emmalynne,Izkoveski,eizkoveskinn@umich.edu,535-268-1486,5
Edithe,Dinis,edinisno@craigslist.org,925-570-2857,4
Almire,Simonite,asimonitenp@merriam-webster.com,745-361-7461,7
Adel,Cotes,acotesnq@mit.edu,168-250-3101,5
Hoebart,Adelman,hadelmannr@vimeo.com,301-640-6845,6
Kelsi,Voss,kvossns@friendfeed.com,722-444-6456,5
Isidro,Mulvey,imulveynt@elegantthemes.com,761-802-0215,7
Sasha,Ponten,spontennu@cnbc.com,685-500-8225,6
Drud,Busfield,dbusfieldnv@yellowpages.com,210-284-1697,6
Geoff,Sabater,gsabaternw@businessinsider.com,462-649-7450,4
Gabriella,Vearncombe,gvearncombenx@photobucket.com,252-691-6277,5
Jimmy,Regitz,jregitzny@list-manage.com,999-186-2216,6
Edgardo,Stacey,estaceynz@sfgate.com,450-414-4698,6
Karola,Kernar,kkernaro0@ifeng.com,114-890-5344,2
Clevie,Desbrow,cdesbrowo1@last.fm,836-159-8270,1
Dorena,Barends,dbarendso2@ft.com,593-771-0028,5
Vassili,Sandes,vsandeso3@tripadvisor.com,181-790-6922,2
Hedda,Scogin,hscogino4@nasa.gov,403-571-6912,1
Abramo,Crumbie,acrumbieo5@pbs.org,428-976-6589,2
Brandi,Kadwallider,bkadwallidero6@businessweek.com,450-231-6842,7
Pru,Lakey,plakeyo7@washingtonpost.com,498-195-9721,2
Cathrin,Zannutti,czannuttio8@github.io,874-253-0926,1
Jessie,Dolder,jdoldero9@sogou.com,188-465-8392,2
Perice,Rebichon,prebichonoa@canalblog.com,470-435-9614,5
Caz,Everal,ceveralob@vk.com,821-634-7519,4
Helaina,Matushenko,hmatushenkooc@statcounter.com,322-348-1175,3
Ettore,Roxby,eroxbyod@devhub.com,412-731-0091,7
Chloris,Kitchenman,ckitchenmanoe@mozilla.com,271-806-2986,7
Robb,Dakhov,rdakhovof@hexun.com,804-563-6842,3
Adelaida,Kilbee,akilbeeog@forbes.com,231-968-9761,5
Lauree,Newlove,lnewloveoh@cpanel.net,688-207-7159,1
Annie,Gledhill,agledhilloi@washington.edu,761-588-8842,6
Ervin,Humbie,ehumbieoj@reverbnation.com,273-719-8669,4
Arvy,Hulance,ahulanceok@plala.or.jp,415-653-1845,7
Lea,Scuse,lscuseol@technorati.com,783-910-4457,2
Alfy,Crack,acrackom@netvibes.com,951-513-6091,6
Juditha,Hambrick,jhambrickon@theguardian.com,671-932-5301,2
Kimble,MacGiffin,kmacgiffinoo@prlog.org,973-663-6128,5
Georgie,Joska,gjoskaop@opera.com,843-463-4743,7
Isac,Bubbings,ibubbingsoq@merriam-webster.com,306-735-5133,7
Norrie,Ilyenko,nilyenkoor@newyorker.com,743-424-2726,7
Pernell,Geffen,pgeffenos@yellowpages.com,464-583-6015,4
Carlo,Moat,cmoatot@miibeian.gov.cn,478-442-7714,5
Nancee,Manketell,nmanketellou@slideshare.net,671-900-7922,5
Roosevelt,Hickisson,rhickissonov@ibm.com,576-939-4609,5
Dudley,Chaddock,dchaddockow@tinyurl.com,871-162-0148,1
Marietta,Novis,mnovisox@theglobeandmail.com,752-402-5550,3
Nani,Bene,nbeneoy@blog.com,287-288-7925,6
Gnni,Cannell,gcannelloz@usgs.gov,965-202-0784,3
Martha,Dyka,mdykap0@hugedomains.com,486-266-6854,2
Raymond,Hyman,rhymanp1@cdc.gov,801-616-2241,7
Malachi,Veitch,mveitchp2@alexa.com,556-470-2095,1
Danella,Reubens,dreubensp3@wiley.com,855-498-9537,3
Heidi,Wherton,hwhertonp4@engadget.com,321-226-2007,5
Avis,Magrane,amagranep5@marriott.com,757-396-4792,1
Lindsay,Kalkofer,lkalkoferp6@nps.gov,682-745-1125,6
Harlen,Mintoff,hmintoffp7@amazonaws.com,973-623-0455,3
Dolli,Kloss,dklossp8@google.com.br,394-243-2754,2
Dani,Matskiv,dmatskivp9@parallels.com,684-722-0176,7
Babb,Templar,btemplarpa@mapquest.com,614-942-7219,2
Barbe,Santhouse,bsanthousepb@eventbrite.com,629-565-2301,4
Filbert,Aasaf,faasafpc@admin.ch,699-148-8156,5
Hulda,Corona,hcoronapd@netvibes.com,992-141-8344,4
Klarika,Guenther,kguentherpe@netlog.com,458-603-9034,7
Jazmin,Gypson,jgypsonpf@mapquest.com,519-432-0950,6
Bryanty,Farlambe,bfarlambepg@blog.com,253-864-3357,2
Ellary,Templar,etemplarph@hibu.com,102-751-6600,1
Giacopo,Zemler,gzemlerpi@webs.com,270-620-7999,1
Anny,Folbigg,afolbiggpj@apple.com,807-944-2303,4
Brodie,Sayers,bsayerspk@cbc.ca,704-187-9638,1
Emelina,Opy,eopypl@liveinternet.ru,532-504-4842,3
Candra,Piddock,cpiddockpm@time.com,895-424-8091,4
Stafani,Abbess,sabbesspn@skyrock.com,676-801-7608,6
Andeee,Hampshaw,ahampshawpo@cyberchimps.com,450-819-9856,3
Markos,Espinas,mespinaspp@nytimes.com,452-896-1064,2
Egor,Gaitung,egaitungpq@redcross.org,549-548-3617,3
Giordano,Cavanaugh,gcavanaughpr@nps.gov,681-126-2554,5
Earlie,Spillard,espillardps@cnet.com,791-336-5597,2
Donall,Loney,dloneypt@comcast.net,806-694-5030,5
Zarla,Ratnege,zratnegepu@mayoclinic.com,503-428-0642,1
Celia,Chiswell,cchiswellpv@elpais.com,729-466-5045,6
Rob,Salzberger,rsalzbergerpw@angelfire.com,310-180-2799,6
Donavon,Kelson,dkelsonpx@answers.com,536-545-8124,6
Avril,Fehner,afehnerpy@princeton.edu,495-243-6377,7
Roselia,Dewhirst,rdewhirstpz@ning.com,713-342-2727,7
Trip,Beardon,tbeardonq0@mtv.com,189-967-1859,5
Katleen,Geistmann,kgeistmannq1@seesaa.net,314-849-7230,5
Saleem,Yanyushkin,syanyushkinq2@google.fr,506-535-0732,3
Tiler,MacKaig,tmackaigq3@reference.com,687-311-0552,6
Milzie,Caurah,mcaurahq4@wordpress.org,178-427-0726,2
Marnie,Dixie,mdixieq5@163.com,530-634-2414,6
Ajay,Flips,aflipsq6@360.cn,779-126-5479,4
Isacco,Husband,ihusbandq7@tiny.cc,226-423-7332,6
Jessy,Beeho,jbeehoq8@fda.gov,801-965-5526,7
Linnet,Joffe,ljoffeq9@hibu.com,100-468-8165,2
Tamera,Itzkov,titzkovqa@tuttocitta.it,616-818-2270,5
Ingemar,Jeacop,ijeacopqb@paginegialle.it,682-847-4500,7
Shirlee,Crepin,screpinqc@sbwire.com,186-203-6135,2
Corrine,Dinesen,cdinesenqd@dyndns.org,194-874-7520,5
Florentia,Maker,fmakerqe@indiegogo.com,916-105-1969,7
Ansell,Antao,aantaoqf@wikipedia.org,650-293-1550,4
Viviene,Karczinski,vkarczinskiqg@xrea.com,332-866-7214,5
Melita,Di Ruggiero,mdiruggieroqh@wikipedia.org,481-397-5873,7
Clarice,Showl,cshowlqi@unesco.org,238-454-7232,2
Audra,Cobelli,acobelliqj@is.gd,157-797-0480,5
Richmond,Marrison,rmarrisonqk@bloomberg.com,219-223-9306,3
Maurine,Haggerwood,mhaggerwoodql@shop-pro.jp,123-781-6477,4
Gabriela,Argrave,gargraveqm@joomla.org,869-113-6024,2
Sigmund,Powland,spowlandqn@imgur.com,870-753-0988,1
Monah,Adame,madameqo@fotki.com,270-733-3868,3
Laurens,Odgers,lodgersqp@bigcartel.com,548-201-5516,7
Willdon,Middlebrook,wmiddlebrookqq@dropbox.com,413-355-9407,3
Sascha,Face,sfaceqr@prlog.org,939-687-8464,2
Cynthia,Loveridge,cloveridgeqs@wix.com,864-215-9914,3
Dolorita,Gorgen,dgorgenqt@yellowpages.com,454-686-6167,6
Osborne,Wathell,owathellqu@hhs.gov,400-328-3915,2
Damian,Ladbrook,dladbrookqv@loc.gov,493-733-0928,5
Guinna,Pourveer,gpourveerqw@bloglines.com,505-121-3752,2
Ronica,Sharrem,rsharremqx@nature.com,370-544-6334,4
Elicia,Japp,ejappqy@mapy.cz,881-684-3526,3
Jobyna,Brevetor,jbrevetorqz@kickstarter.com,388-432-8953,5
Margaretha,Halfpenny,mhalfpennyr0@t.co,208-367-5169,3
Dur,Martensen,dmartensenr1@nbcnews.com,441-938-9900,1
Lenard,Barnes,lbarnesr2@qq.com,706-998-2966,4
Atalanta,Kurtis,akurtisr3@youku.com,264-680-2224,5
Allsun,Sweet,asweetr4@wordpress.org,742-916-2066,4
Max,Shory,mshoryr5@yandex.ru,485-892-1416,3
Hailey,Haslegrave,hhaslegraver6@unc.edu,459-750-3104,3
Maury,Stelle,msteller7@networkadvertising.org,453-918-6468,5
Carly,Robel,crobelr8@digg.com,512-333-2602,6
Hillard,Pourvoieur,hpourvoieurr9@usda.gov,603-950-2675,2
Jamie,Waitland,jwaitlandra@blog.com,731-158-6191,3
Loralyn,Workes,lworkesrb@bizjournals.com,486-874-9536,3
Xymenes,Decaze,xdecazerc@skyrock.com,448-830-2098,7
Luce,Lundy,llundyrd@tumblr.com,556-518-5863,5
Livvy,Leveridge,lleveridgere@wunderground.com,214-545-6227,1
Gar,Beasley,gbeasleyrf@cbc.ca,387-527-3125,7
Melanie,Zimmermanns,mzimmermannsrg@mit.edu,237-469-0123,3
Darbee,McAllen,dmcallenrh@bigcartel.com,955-661-4622,3
Stephine,Honnan,shonnanri@linkedin.com,685-390-4105,4
Virginia,Huggons,vhuggonsrj@istockphoto.com,456-920-1818,2
Kingsley,Try,ktryrk@liveinternet.ru,132-217-2891,4
Michel,Ivashnyov,mivashnyovrl@theatlantic.com,641-392-9596,1
Margareta,Kulvear,mkulvearrm@google.com.hk,442-628-3549,3
Kerianne,O'Dooghaine,kodooghainern@com.com,450-222-4267,4
Ware,Colleran,wcolleranro@wiley.com,819-312-3378,3
Chelsea,Piers,cpiersrp@amazon.co.jp,223-938-7335,7
Rurik,Foystone,rfoystonerq@homestead.com,355-505-1318,4
Oliviero,De Gregario,odegregariorr@elpais.com,883-956-3819,1